{
	"inputs" : 
	[
		{
			"path" : "CMakeLists.txt"
		},
		{
			"isGenerated" : true,
			"path" : "build/MagicRenameV0/.qtc/package-manager/auto-setup.cmake"
		},
		{
			"isGenerated" : true,
			"path" : "build/MagicRenameV0/CMakeFiles/3.29.3/CMakeSystem.cmake"
		},
		{
			"isCMake" : true,
			"isExternal" : true,
			"path" : "C:/Qt/Tools/CMake_64/share/cmake-3.29/Modules/CMakeSystemSpecificInitialize.cmake"
		},
		{
			"isCMake" : true,
			"isExternal" : true,
			"path" : "C:/Qt/Tools/CMake_64/share/cmake-3.29/Modules/Platform/Windows-Initialize.cmake"
		},
		{
			"isGenerated" : true,
			"path" : "build/MagicRenameV0/CMakeFiles/3.29.3/CMakeCXXCompiler.cmake"
		},
		{
			"isCMake" : true,
			"isExternal" : true,
			"path" : "C:/Qt/Tools/CMake_64/share/cmake-3.29/Modules/CMakeSystemSpecificInformation.cmake"
		},
		{
			"isCMake" : true,
			"isExternal" : true,
			"path" : "C:/Qt/Tools/CMake_64/share/cmake-3.29/Modules/CMakeGenericSystem.cmake"
		},
		{
			"isCMake" : true,
			"isExternal" : true,
			"path" : "C:/Qt/Tools/CMake_64/share/cmake-3.29/Modules/CMakeInitializeConfigs.cmake"
		},
		{
			"isCMake" : true,
			"isExternal" : true,
			"path" : "C:/Qt/Tools/CMake_64/share/cmake-3.29/Modules/Platform/Windows.cmake"
		},
		{
			"isCMake" : true,
			"isExternal" : true,
			"path" : "C:/Qt/Tools/CMake_64/share/cmake-3.29/Modules/Platform/WindowsPaths.cmake"
		},
		{
			"isCMake" : true,
			"isExternal" : true,
			"path" : "C:/Qt/Tools/CMake_64/share/cmake-3.29/Modules/CMakeCXXInformation.cmake"
		},
		{
			"isCMake" : true,
			"isExternal" : true,
			"path" : "C:/Qt/Tools/CMake_64/share/cmake-3.29/Modules/CMakeLanguageInformation.cmake"
		},
		{
			"isCMake" : true,
			"isExternal" : true,
			"path" : "C:/Qt/Tools/CMake_64/share/cmake-3.29/Modules/Compiler/GNU-CXX.cmake"
		},
		{
			"isCMake" : true,
			"isExternal" : true,
			"path" : "C:/Qt/Tools/CMake_64/share/cmake-3.29/Modules/Compiler/GNU.cmake"
		},
		{
			"isCMake" : true,
			"isExternal" : true,
			"path" : "C:/Qt/Tools/CMake_64/share/cmake-3.29/Modules/Compiler/CMakeCommonCompilerMacros.cmake"
		},
		{
			"isCMake" : true,
			"isExternal" : true,
			"path" : "C:/Qt/Tools/CMake_64/share/cmake-3.29/Modules/Platform/Windows-GNU-CXX.cmake"
		},
		{
			"isCMake" : true,
			"isExternal" : true,
			"path" : "C:/Qt/Tools/CMake_64/share/cmake-3.29/Modules/Platform/Windows-GNU.cmake"
		},
		{
			"isGenerated" : true,
			"path" : "build/MagicRenameV0/CMakeFiles/3.29.3/CMakeRCCompiler.cmake"
		},
		{
			"isCMake" : true,
			"isExternal" : true,
			"path" : "C:/Qt/Tools/CMake_64/share/cmake-3.29/Modules/CMakeRCInformation.cmake"
		},
		{
			"isCMake" : true,
			"isExternal" : true,
			"path" : "C:/Qt/Tools/CMake_64/share/cmake-3.29/Modules/Platform/Windows-windres.cmake"
		},
		{
			"isCMake" : true,
			"isExternal" : true,
			"path" : "C:/Qt/Tools/CMake_64/share/cmake-3.29/Modules/Platform/Windows-GNU-CXX-ABI.cmake"
		},
		{
			"isCMake" : true,
			"isExternal" : true,
			"path" : "C:/Qt/Tools/CMake_64/share/cmake-3.29/Modules/CMakeCommonLanguageInclude.cmake"
		},
		{
			"isExternal" : true,
			"path" : "C:/Qt/6.8.0/mingw_64/lib/cmake/Qt6/Qt6ConfigVersion.cmake"
		},
		{
			"isExternal" : true,
			"path" : "C:/Qt/6.8.0/mingw_64/lib/cmake/Qt6/Qt6ConfigVersionImpl.cmake"
		},
		{
			"isExternal" : true,
			"path" : "C:/Qt/6.8.0/mingw_64/lib/cmake/Qt6/Qt6Config.cmake"
		},
		{
			"isExternal" : true,
			"path" : "C:/Qt/6.8.0/mingw_64/lib/cmake/Qt6/Qt6ConfigExtras.cmake"
		},
		{
			"isExternal" : true,
			"path" : "C:/Qt/6.8.0/mingw_64/lib/cmake/Qt6/QtPublicCMakeVersionHelpers.cmake"
		},
		{
			"isExternal" : true,
			"path" : "C:/Qt/6.8.0/mingw_64/lib/cmake/Qt6/QtPublicCMakeHelpers.cmake"
		},
		{
			"isExternal" : true,
			"path" : "C:/Qt/6.8.0/mingw_64/lib/cmake/Qt6/QtInstallPaths.cmake"
		},
		{
			"isExternal" : true,
			"path" : "C:/Qt/6.8.0/mingw_64/lib/cmake/Qt6/Qt6Targets.cmake"
		},
		{
			"isExternal" : true,
			"path" : "C:/Qt/6.8.0/mingw_64/lib/cmake/Qt6/Qt6VersionlessAliasTargets.cmake"
		},
		{
			"isExternal" : true,
			"path" : "C:/Qt/6.8.0/mingw_64/lib/cmake/Qt6/QtFeature.cmake"
		},
		{
			"isCMake" : true,
			"isExternal" : true,
			"path" : "C:/Qt/Tools/CMake_64/share/cmake-3.29/Modules/CheckCXXCompilerFlag.cmake"
		},
		{
			"isCMake" : true,
			"isExternal" : true,
			"path" : "C:/Qt/Tools/CMake_64/share/cmake-3.29/Modules/Internal/CheckCompilerFlag.cmake"
		},
		{
			"isCMake" : true,
			"isExternal" : true,
			"path" : "C:/Qt/Tools/CMake_64/share/cmake-3.29/Modules/Internal/CheckFlagCommonConfig.cmake"
		},
		{
			"isCMake" : true,
			"isExternal" : true,
			"path" : "C:/Qt/Tools/CMake_64/share/cmake-3.29/Modules/Internal/CheckSourceCompiles.cmake"
		},
		{
			"isCMake" : true,
			"isExternal" : true,
			"path" : "C:/Qt/Tools/CMake_64/share/cmake-3.29/Modules/CMakeCheckCompilerFlagCommonPatterns.cmake"
		},
		{
			"isCMake" : true,
			"isExternal" : true,
			"path" : "C:/Qt/Tools/CMake_64/share/cmake-3.29/Modules/CheckCXXSourceCompiles.cmake"
		},
		{
			"isCMake" : true,
			"isExternal" : true,
			"path" : "C:/Qt/Tools/CMake_64/share/cmake-3.29/Modules/Internal/CheckSourceCompiles.cmake"
		},
		{
			"isExternal" : true,
			"path" : "C:/Qt/6.8.0/mingw_64/lib/cmake/Qt6/QtFeatureCommon.cmake"
		},
		{
			"isExternal" : true,
			"path" : "C:/Qt/6.8.0/mingw_64/lib/cmake/Qt6/QtPublicAppleHelpers.cmake"
		},
		{
			"isExternal" : true,
			"path" : "C:/Qt/6.8.0/mingw_64/lib/cmake/Qt6/QtPublicCMakeHelpers.cmake"
		},
		{
			"isExternal" : true,
			"path" : "C:/Qt/6.8.0/mingw_64/lib/cmake/Qt6/QtPublicCMakeVersionHelpers.cmake"
		},
		{
			"isExternal" : true,
			"path" : "C:/Qt/6.8.0/mingw_64/lib/cmake/Qt6/QtPublicDependencyHelpers.cmake"
		},
		{
			"isExternal" : true,
			"path" : "C:/Qt/6.8.0/mingw_64/lib/cmake/Qt6/QtPublicExternalProjectHelpers.cmake"
		},
		{
			"isExternal" : true,
			"path" : "C:/Qt/6.8.0/mingw_64/lib/cmake/Qt6/QtPublicFinalizerHelpers.cmake"
		},
		{
			"isExternal" : true,
			"path" : "C:/Qt/6.8.0/mingw_64/lib/cmake/Qt6/QtPublicFindPackageHelpers.cmake"
		},
		{
			"isExternal" : true,
			"path" : "C:/Qt/6.8.0/mingw_64/lib/cmake/Qt6/QtPublicGitHelpers.cmake"
		},
		{
			"isExternal" : true,
			"path" : "C:/Qt/6.8.0/mingw_64/lib/cmake/Qt6/QtPublicPluginHelpers.cmake"
		},
		{
			"isExternal" : true,
			"path" : "C:/Qt/6.8.0/mingw_64/lib/cmake/Qt6/QtPublicSbomGenerationHelpers.cmake"
		},
		{
			"isExternal" : true,
			"path" : "C:/Qt/6.8.0/mingw_64/lib/cmake/Qt6/QtPublicSbomHelpers.cmake"
		},
		{
			"isExternal" : true,
			"path" : "C:/Qt/6.8.0/mingw_64/lib/cmake/Qt6/QtPublicTargetHelpers.cmake"
		},
		{
			"isExternal" : true,
			"path" : "C:/Qt/6.8.0/mingw_64/lib/cmake/Qt6/QtPublicTestHelpers.cmake"
		},
		{
			"isExternal" : true,
			"path" : "C:/Qt/6.8.0/mingw_64/lib/cmake/Qt6/QtPublicToolHelpers.cmake"
		},
		{
			"isExternal" : true,
			"path" : "C:/Qt/6.8.0/mingw_64/lib/cmake/Qt6/QtPublicWalkLibsHelpers.cmake"
		},
		{
			"isCMake" : true,
			"isExternal" : true,
			"path" : "C:/Qt/Tools/CMake_64/share/cmake-3.29/Modules/CMakeFindDependencyMacro.cmake"
		},
		{
			"isExternal" : true,
			"path" : "C:/Qt/6.8.0/mingw_64/lib/cmake/Qt6/Qt6Dependencies.cmake"
		},
		{
			"isCMake" : true,
			"isExternal" : true,
			"path" : "C:/Qt/Tools/CMake_64/share/cmake-3.29/Modules/FindThreads.cmake"
		},
		{
			"isCMake" : true,
			"isExternal" : true,
			"path" : "C:/Qt/Tools/CMake_64/share/cmake-3.29/Modules/CheckLibraryExists.cmake"
		},
		{
			"isCMake" : true,
			"isExternal" : true,
			"path" : "C:/Qt/Tools/CMake_64/share/cmake-3.29/Modules/CheckIncludeFileCXX.cmake"
		},
		{
			"isCMake" : true,
			"isExternal" : true,
			"path" : "C:/Qt/Tools/CMake_64/share/cmake-3.29/Modules/CheckCXXSourceCompiles.cmake"
		},
		{
			"isCMake" : true,
			"isExternal" : true,
			"path" : "C:/Qt/Tools/CMake_64/share/cmake-3.29/Modules/FindPackageHandleStandardArgs.cmake"
		},
		{
			"isCMake" : true,
			"isExternal" : true,
			"path" : "C:/Qt/Tools/CMake_64/share/cmake-3.29/Modules/FindPackageMessage.cmake"
		},
		{
			"isExternal" : true,
			"path" : "C:/Qt/6.8.0/mingw_64/lib/cmake/Qt6/Qt6ConfigVersion.cmake"
		},
		{
			"isExternal" : true,
			"path" : "C:/Qt/6.8.0/mingw_64/lib/cmake/Qt6/Qt6ConfigVersionImpl.cmake"
		},
		{
			"isExternal" : true,
			"path" : "C:/Qt/6.8.0/mingw_64/lib/cmake/Qt6/Qt6Config.cmake"
		},
		{
			"isExternal" : true,
			"path" : "C:/Qt/6.8.0/mingw_64/lib/cmake/Qt6/Qt6ConfigExtras.cmake"
		},
		{
			"isExternal" : true,
			"path" : "C:/Qt/6.8.0/mingw_64/lib/cmake/Qt6/QtPublicCMakeVersionHelpers.cmake"
		},
		{
			"isExternal" : true,
			"path" : "C:/Qt/6.8.0/mingw_64/lib/cmake/Qt6/QtPublicCMakeHelpers.cmake"
		},
		{
			"isExternal" : true,
			"path" : "C:/Qt/6.8.0/mingw_64/lib/cmake/Qt6/QtInstallPaths.cmake"
		},
		{
			"isExternal" : true,
			"path" : "C:/Qt/6.8.0/mingw_64/lib/cmake/Qt6/Qt6Targets.cmake"
		},
		{
			"isExternal" : true,
			"path" : "C:/Qt/6.8.0/mingw_64/lib/cmake/Qt6/Qt6VersionlessAliasTargets.cmake"
		},
		{
			"isExternal" : true,
			"path" : "C:/Qt/6.8.0/mingw_64/lib/cmake/Qt6/QtFeature.cmake"
		},
		{
			"isCMake" : true,
			"isExternal" : true,
			"path" : "C:/Qt/Tools/CMake_64/share/cmake-3.29/Modules/CheckCXXCompilerFlag.cmake"
		},
		{
			"isExternal" : true,
			"path" : "C:/Qt/6.8.0/mingw_64/lib/cmake/Qt6/QtFeatureCommon.cmake"
		},
		{
			"isExternal" : true,
			"path" : "C:/Qt/6.8.0/mingw_64/lib/cmake/Qt6/QtPublicAppleHelpers.cmake"
		},
		{
			"isExternal" : true,
			"path" : "C:/Qt/6.8.0/mingw_64/lib/cmake/Qt6/QtPublicCMakeHelpers.cmake"
		},
		{
			"isExternal" : true,
			"path" : "C:/Qt/6.8.0/mingw_64/lib/cmake/Qt6/QtPublicCMakeVersionHelpers.cmake"
		},
		{
			"isExternal" : true,
			"path" : "C:/Qt/6.8.0/mingw_64/lib/cmake/Qt6/QtPublicDependencyHelpers.cmake"
		},
		{
			"isExternal" : true,
			"path" : "C:/Qt/6.8.0/mingw_64/lib/cmake/Qt6/QtPublicExternalProjectHelpers.cmake"
		},
		{
			"isExternal" : true,
			"path" : "C:/Qt/6.8.0/mingw_64/lib/cmake/Qt6/QtPublicFinalizerHelpers.cmake"
		},
		{
			"isExternal" : true,
			"path" : "C:/Qt/6.8.0/mingw_64/lib/cmake/Qt6/QtPublicFindPackageHelpers.cmake"
		},
		{
			"isExternal" : true,
			"path" : "C:/Qt/6.8.0/mingw_64/lib/cmake/Qt6/QtPublicGitHelpers.cmake"
		},
		{
			"isExternal" : true,
			"path" : "C:/Qt/6.8.0/mingw_64/lib/cmake/Qt6/QtPublicPluginHelpers.cmake"
		},
		{
			"isExternal" : true,
			"path" : "C:/Qt/6.8.0/mingw_64/lib/cmake/Qt6/QtPublicSbomGenerationHelpers.cmake"
		},
		{
			"isExternal" : true,
			"path" : "C:/Qt/6.8.0/mingw_64/lib/cmake/Qt6/QtPublicSbomHelpers.cmake"
		},
		{
			"isExternal" : true,
			"path" : "C:/Qt/6.8.0/mingw_64/lib/cmake/Qt6/QtPublicTargetHelpers.cmake"
		},
		{
			"isExternal" : true,
			"path" : "C:/Qt/6.8.0/mingw_64/lib/cmake/Qt6/QtPublicTestHelpers.cmake"
		},
		{
			"isExternal" : true,
			"path" : "C:/Qt/6.8.0/mingw_64/lib/cmake/Qt6/QtPublicToolHelpers.cmake"
		},
		{
			"isExternal" : true,
			"path" : "C:/Qt/6.8.0/mingw_64/lib/cmake/Qt6/QtPublicWalkLibsHelpers.cmake"
		},
		{
			"isCMake" : true,
			"isExternal" : true,
			"path" : "C:/Qt/Tools/CMake_64/share/cmake-3.29/Modules/CMakeFindDependencyMacro.cmake"
		},
		{
			"isExternal" : true,
			"path" : "C:/Qt/6.8.0/mingw_64/lib/cmake/Qt6/Qt6Dependencies.cmake"
		},
		{
			"isExternal" : true,
			"path" : "C:/Qt/6.8.0/mingw_64/lib/cmake/Qt6Widgets/Qt6WidgetsConfigVersion.cmake"
		},
		{
			"isExternal" : true,
			"path" : "C:/Qt/6.8.0/mingw_64/lib/cmake/Qt6Widgets/Qt6WidgetsConfigVersionImpl.cmake"
		},
		{
			"isExternal" : true,
			"path" : "C:/Qt/6.8.0/mingw_64/lib/cmake/Qt6Widgets/Qt6WidgetsConfig.cmake"
		},
		{
			"isCMake" : true,
			"isExternal" : true,
			"path" : "C:/Qt/Tools/CMake_64/share/cmake-3.29/Modules/CMakeFindDependencyMacro.cmake"
		},
		{
			"isExternal" : true,
			"path" : "C:/Qt/6.8.0/mingw_64/lib/cmake/Qt6Widgets/Qt6WidgetsDependencies.cmake"
		},
		{
			"isExternal" : true,
			"path" : "C:/Qt/6.8.0/mingw_64/lib/cmake/Qt6WidgetsTools/Qt6WidgetsToolsConfigVersion.cmake"
		},
		{
			"isExternal" : true,
			"path" : "C:/Qt/6.8.0/mingw_64/lib/cmake/Qt6WidgetsTools/Qt6WidgetsToolsConfigVersionImpl.cmake"
		},
		{
			"isExternal" : true,
			"path" : "C:/Qt/6.8.0/mingw_64/lib/cmake/Qt6WidgetsTools/Qt6WidgetsToolsConfig.cmake"
		},
		{
			"isCMake" : true,
			"isExternal" : true,
			"path" : "C:/Qt/Tools/CMake_64/share/cmake-3.29/Modules/CMakeFindDependencyMacro.cmake"
		},
		{
			"isExternal" : true,
			"path" : "C:/Qt/6.8.0/mingw_64/lib/cmake/Qt6WidgetsTools/Qt6WidgetsToolsDependencies.cmake"
		},
		{
			"isExternal" : true,
			"path" : "C:/Qt/6.8.0/mingw_64/lib/cmake/Qt6CoreTools/Qt6CoreToolsConfigVersion.cmake"
		},
		{
			"isExternal" : true,
			"path" : "C:/Qt/6.8.0/mingw_64/lib/cmake/Qt6CoreTools/Qt6CoreToolsConfigVersionImpl.cmake"
		},
		{
			"isExternal" : true,
			"path" : "C:/Qt/6.8.0/mingw_64/lib/cmake/Qt6CoreTools/Qt6CoreToolsConfig.cmake"
		},
		{
			"isCMake" : true,
			"isExternal" : true,
			"path" : "C:/Qt/Tools/CMake_64/share/cmake-3.29/Modules/CMakeFindDependencyMacro.cmake"
		},
		{
			"isExternal" : true,
			"path" : "C:/Qt/6.8.0/mingw_64/lib/cmake/Qt6CoreTools/Qt6CoreToolsDependencies.cmake"
		},
		{
			"isExternal" : true,
			"path" : "C:/Qt/6.8.0/mingw_64/lib/cmake/Qt6CoreTools/Qt6CoreToolsTargets.cmake"
		},
		{
			"isExternal" : true,
			"path" : "C:/Qt/6.8.0/mingw_64/lib/cmake/Qt6CoreTools/Qt6CoreToolsTargets-relwithdebinfo.cmake"
		},
		{
			"isExternal" : true,
			"path" : "C:/Qt/6.8.0/mingw_64/lib/cmake/Qt6CoreTools/Qt6CoreToolsAdditionalTargetInfo.cmake"
		},
		{
			"isExternal" : true,
			"path" : "C:/Qt/6.8.0/mingw_64/lib/cmake/Qt6CoreTools/Qt6CoreToolsVersionlessTargets.cmake"
		},
		{
			"isExternal" : true,
			"path" : "C:/Qt/6.8.0/mingw_64/lib/cmake/Qt6GuiTools/Qt6GuiToolsConfigVersion.cmake"
		},
		{
			"isExternal" : true,
			"path" : "C:/Qt/6.8.0/mingw_64/lib/cmake/Qt6GuiTools/Qt6GuiToolsConfigVersionImpl.cmake"
		},
		{
			"isExternal" : true,
			"path" : "C:/Qt/6.8.0/mingw_64/lib/cmake/Qt6GuiTools/Qt6GuiToolsConfig.cmake"
		},
		{
			"isCMake" : true,
			"isExternal" : true,
			"path" : "C:/Qt/Tools/CMake_64/share/cmake-3.29/Modules/CMakeFindDependencyMacro.cmake"
		},
		{
			"isExternal" : true,
			"path" : "C:/Qt/6.8.0/mingw_64/lib/cmake/Qt6GuiTools/Qt6GuiToolsDependencies.cmake"
		},
		{
			"isExternal" : true,
			"path" : "C:/Qt/6.8.0/mingw_64/lib/cmake/Qt6GuiTools/Qt6GuiToolsTargets.cmake"
		},
		{
			"isExternal" : true,
			"path" : "C:/Qt/6.8.0/mingw_64/lib/cmake/Qt6GuiTools/Qt6GuiToolsTargets-relwithdebinfo.cmake"
		},
		{
			"isExternal" : true,
			"path" : "C:/Qt/6.8.0/mingw_64/lib/cmake/Qt6GuiTools/Qt6GuiToolsAdditionalTargetInfo.cmake"
		},
		{
			"isExternal" : true,
			"path" : "C:/Qt/6.8.0/mingw_64/lib/cmake/Qt6GuiTools/Qt6GuiToolsVersionlessTargets.cmake"
		},
		{
			"isExternal" : true,
			"path" : "C:/Qt/6.8.0/mingw_64/lib/cmake/Qt6WidgetsTools/Qt6WidgetsToolsTargets.cmake"
		},
		{
			"isExternal" : true,
			"path" : "C:/Qt/6.8.0/mingw_64/lib/cmake/Qt6WidgetsTools/Qt6WidgetsToolsTargets-relwithdebinfo.cmake"
		},
		{
			"isExternal" : true,
			"path" : "C:/Qt/6.8.0/mingw_64/lib/cmake/Qt6WidgetsTools/Qt6WidgetsToolsAdditionalTargetInfo.cmake"
		},
		{
			"isExternal" : true,
			"path" : "C:/Qt/6.8.0/mingw_64/lib/cmake/Qt6WidgetsTools/Qt6WidgetsToolsVersionlessTargets.cmake"
		},
		{
			"isExternal" : true,
			"path" : "C:/Qt/6.8.0/mingw_64/lib/cmake/Qt6Core/Qt6CoreConfigVersion.cmake"
		},
		{
			"isExternal" : true,
			"path" : "C:/Qt/6.8.0/mingw_64/lib/cmake/Qt6Core/Qt6CoreConfigVersionImpl.cmake"
		},
		{
			"isExternal" : true,
			"path" : "C:/Qt/6.8.0/mingw_64/lib/cmake/Qt6Core/Qt6CoreConfig.cmake"
		},
		{
			"isCMake" : true,
			"isExternal" : true,
			"path" : "C:/Qt/Tools/CMake_64/share/cmake-3.29/Modules/CMakeFindDependencyMacro.cmake"
		},
		{
			"isExternal" : true,
			"path" : "C:/Qt/6.8.0/mingw_64/lib/cmake/Qt6Core/Qt6CoreDependencies.cmake"
		},
		{
			"isExternal" : true,
			"path" : "C:/Qt/6.8.0/mingw_64/lib/cmake/Qt6/FindWrapAtomic.cmake"
		},
		{
			"isCMake" : true,
			"isExternal" : true,
			"path" : "C:/Qt/Tools/CMake_64/share/cmake-3.29/Modules/CheckCXXSourceCompiles.cmake"
		},
		{
			"isCMake" : true,
			"isExternal" : true,
			"path" : "C:/Qt/Tools/CMake_64/share/cmake-3.29/Modules/FindPackageHandleStandardArgs.cmake"
		},
		{
			"isCMake" : true,
			"isExternal" : true,
			"path" : "C:/Qt/Tools/CMake_64/share/cmake-3.29/Modules/FindPackageMessage.cmake"
		},
		{
			"isExternal" : true,
			"path" : "C:/Qt/6.8.0/mingw_64/lib/cmake/Qt6CoreTools/Qt6CoreToolsConfigVersion.cmake"
		},
		{
			"isExternal" : true,
			"path" : "C:/Qt/6.8.0/mingw_64/lib/cmake/Qt6CoreTools/Qt6CoreToolsConfigVersionImpl.cmake"
		},
		{
			"isExternal" : true,
			"path" : "C:/Qt/6.8.0/mingw_64/lib/cmake/Qt6CoreTools/Qt6CoreToolsConfig.cmake"
		},
		{
			"isCMake" : true,
			"isExternal" : true,
			"path" : "C:/Qt/Tools/CMake_64/share/cmake-3.29/Modules/CMakeFindDependencyMacro.cmake"
		},
		{
			"isExternal" : true,
			"path" : "C:/Qt/6.8.0/mingw_64/lib/cmake/Qt6CoreTools/Qt6CoreToolsDependencies.cmake"
		},
		{
			"isExternal" : true,
			"path" : "C:/Qt/6.8.0/mingw_64/lib/cmake/Qt6CoreTools/Qt6CoreToolsTargets.cmake"
		},
		{
			"isExternal" : true,
			"path" : "C:/Qt/6.8.0/mingw_64/lib/cmake/Qt6CoreTools/Qt6CoreToolsAdditionalTargetInfo.cmake"
		},
		{
			"isExternal" : true,
			"path" : "C:/Qt/6.8.0/mingw_64/lib/cmake/Qt6CoreTools/Qt6CoreToolsVersionlessTargets.cmake"
		},
		{
			"isExternal" : true,
			"path" : "C:/Qt/6.8.0/mingw_64/lib/cmake/Qt6ZlibPrivate/Qt6ZlibPrivateConfigVersion.cmake"
		},
		{
			"isExternal" : true,
			"path" : "C:/Qt/6.8.0/mingw_64/lib/cmake/Qt6ZlibPrivate/Qt6ZlibPrivateConfigVersionImpl.cmake"
		},
		{
			"isExternal" : true,
			"path" : "C:/Qt/6.8.0/mingw_64/lib/cmake/Qt6ZlibPrivate/Qt6ZlibPrivateConfig.cmake"
		},
		{
			"isCMake" : true,
			"isExternal" : true,
			"path" : "C:/Qt/Tools/CMake_64/share/cmake-3.29/Modules/CMakeFindDependencyMacro.cmake"
		},
		{
			"isExternal" : true,
			"path" : "C:/Qt/6.8.0/mingw_64/lib/cmake/Qt6ZlibPrivate/Qt6ZlibPrivateTargets.cmake"
		},
		{
			"isExternal" : true,
			"path" : "C:/Qt/6.8.0/mingw_64/lib/cmake/Qt6ZlibPrivate/Qt6ZlibPrivateAdditionalTargetInfo.cmake"
		},
		{
			"isExternal" : true,
			"path" : "C:/Qt/6.8.0/mingw_64/lib/cmake/Qt6ZlibPrivate/Qt6ZlibPrivateVersionlessAliasTargets.cmake"
		},
		{
			"isExternal" : true,
			"path" : "C:/Qt/6.8.0/mingw_64/lib/cmake/Qt6EntryPointPrivate/Qt6EntryPointPrivateConfigVersion.cmake"
		},
		{
			"isExternal" : true,
			"path" : "C:/Qt/6.8.0/mingw_64/lib/cmake/Qt6EntryPointPrivate/Qt6EntryPointPrivateConfigVersionImpl.cmake"
		},
		{
			"isExternal" : true,
			"path" : "C:/Qt/6.8.0/mingw_64/lib/cmake/Qt6EntryPointPrivate/Qt6EntryPointPrivateConfig.cmake"
		},
		{
			"isCMake" : true,
			"isExternal" : true,
			"path" : "C:/Qt/Tools/CMake_64/share/cmake-3.29/Modules/CMakeFindDependencyMacro.cmake"
		},
		{
			"isExternal" : true,
			"path" : "C:/Qt/6.8.0/mingw_64/lib/cmake/Qt6EntryPointPrivate/Qt6EntryPointPrivateTargets.cmake"
		},
		{
			"isExternal" : true,
			"path" : "C:/Qt/6.8.0/mingw_64/lib/cmake/Qt6EntryPointPrivate/Qt6EntryPointPrivateTargets-relwithdebinfo.cmake"
		},
		{
			"isExternal" : true,
			"path" : "C:/Qt/6.8.0/mingw_64/lib/cmake/Qt6EntryPointPrivate/Qt6EntryPointPrivateAdditionalTargetInfo.cmake"
		},
		{
			"isExternal" : true,
			"path" : "C:/Qt/6.8.0/mingw_64/lib/cmake/Qt6EntryPointPrivate/Qt6EntryPointMinGW32Target.cmake"
		},
		{
			"isExternal" : true,
			"path" : "C:/Qt/6.8.0/mingw_64/lib/cmake/Qt6EntryPointPrivate/Qt6EntryPointPrivateVersionlessAliasTargets.cmake"
		},
		{
			"isExternal" : true,
			"path" : "C:/Qt/6.8.0/mingw_64/lib/cmake/Qt6Core/Qt6CoreTargets.cmake"
		},
		{
			"isExternal" : true,
			"path" : "C:/Qt/6.8.0/mingw_64/lib/cmake/Qt6Core/Qt6CoreTargets-relwithdebinfo.cmake"
		},
		{
			"isExternal" : true,
			"path" : "C:/Qt/6.8.0/mingw_64/lib/cmake/Qt6Core/Qt6CoreAdditionalTargetInfo.cmake"
		},
		{
			"isExternal" : true,
			"path" : "C:/Qt/6.8.0/mingw_64/lib/cmake/Qt6Core/Qt6CoreMacros.cmake"
		},
		{
			"isExternal" : true,
			"path" : "C:/Qt/6.8.0/mingw_64/lib/cmake/Qt6Core/Qt6CoreConfigExtras.cmake"
		},
		{
			"isCMake" : true,
			"isExternal" : true,
			"path" : "C:/Qt/Tools/CMake_64/share/cmake-3.29/Modules/GNUInstallDirs.cmake"
		},
		{
			"isExternal" : true,
			"path" : "C:/Qt/6.8.0/mingw_64/lib/cmake/Qt6Core/Qt6CoreVersionlessAliasTargets.cmake"
		},
		{
			"isExternal" : true,
			"path" : "C:/Qt/6.8.0/mingw_64/lib/cmake/Qt6Gui/Qt6GuiConfigVersion.cmake"
		},
		{
			"isExternal" : true,
			"path" : "C:/Qt/6.8.0/mingw_64/lib/cmake/Qt6Gui/Qt6GuiConfigVersionImpl.cmake"
		},
		{
			"isExternal" : true,
			"path" : "C:/Qt/6.8.0/mingw_64/lib/cmake/Qt6Gui/Qt6GuiConfig.cmake"
		},
		{
			"isCMake" : true,
			"isExternal" : true,
			"path" : "C:/Qt/Tools/CMake_64/share/cmake-3.29/Modules/CMakeFindDependencyMacro.cmake"
		},
		{
			"isExternal" : true,
			"path" : "C:/Qt/6.8.0/mingw_64/lib/cmake/Qt6Gui/Qt6GuiDependencies.cmake"
		},
		{
			"isExternal" : true,
			"path" : "C:/Qt/6.8.0/mingw_64/lib/cmake/Qt6/FindWrapVulkanHeaders.cmake"
		},
		{
			"isCMake" : true,
			"isExternal" : true,
			"path" : "C:/Qt/Tools/CMake_64/share/cmake-3.29/Modules/FindVulkan.cmake"
		},
		{
			"isCMake" : true,
			"isExternal" : true,
			"path" : "C:/Qt/Tools/CMake_64/share/cmake-3.29/Modules/FindPackageHandleStandardArgs.cmake"
		},
		{
			"isCMake" : true,
			"isExternal" : true,
			"path" : "C:/Qt/Tools/CMake_64/share/cmake-3.29/Modules/FindPackageMessage.cmake"
		},
		{
			"isCMake" : true,
			"isExternal" : true,
			"path" : "C:/Qt/Tools/CMake_64/share/cmake-3.29/Modules/FindPackageHandleStandardArgs.cmake"
		},
		{
			"isCMake" : true,
			"isExternal" : true,
			"path" : "C:/Qt/Tools/CMake_64/share/cmake-3.29/Modules/FindPackageMessage.cmake"
		},
		{
			"isExternal" : true,
			"path" : "C:/Qt/6.8.0/mingw_64/lib/cmake/Qt6GuiTools/Qt6GuiToolsConfigVersion.cmake"
		},
		{
			"isExternal" : true,
			"path" : "C:/Qt/6.8.0/mingw_64/lib/cmake/Qt6GuiTools/Qt6GuiToolsConfigVersionImpl.cmake"
		},
		{
			"isExternal" : true,
			"path" : "C:/Qt/6.8.0/mingw_64/lib/cmake/Qt6GuiTools/Qt6GuiToolsConfig.cmake"
		},
		{
			"isCMake" : true,
			"isExternal" : true,
			"path" : "C:/Qt/Tools/CMake_64/share/cmake-3.29/Modules/CMakeFindDependencyMacro.cmake"
		},
		{
			"isExternal" : true,
			"path" : "C:/Qt/6.8.0/mingw_64/lib/cmake/Qt6GuiTools/Qt6GuiToolsDependencies.cmake"
		},
		{
			"isExternal" : true,
			"path" : "C:/Qt/6.8.0/mingw_64/lib/cmake/Qt6GuiTools/Qt6GuiToolsTargets.cmake"
		},
		{
			"isExternal" : true,
			"path" : "C:/Qt/6.8.0/mingw_64/lib/cmake/Qt6GuiTools/Qt6GuiToolsAdditionalTargetInfo.cmake"
		},
		{
			"isExternal" : true,
			"path" : "C:/Qt/6.8.0/mingw_64/lib/cmake/Qt6GuiTools/Qt6GuiToolsVersionlessTargets.cmake"
		},
		{
			"isExternal" : true,
			"path" : "C:/Qt/6.8.0/mingw_64/lib/cmake/Qt6Gui/Qt6GuiTargets.cmake"
		},
		{
			"isExternal" : true,
			"path" : "C:/Qt/6.8.0/mingw_64/lib/cmake/Qt6Gui/Qt6GuiTargets-relwithdebinfo.cmake"
		},
		{
			"isExternal" : true,
			"path" : "C:/Qt/6.8.0/mingw_64/lib/cmake/Qt6Gui/Qt6GuiAdditionalTargetInfo.cmake"
		},
		{
			"isExternal" : true,
			"path" : "C:/Qt/6.8.0/mingw_64/lib/cmake/Qt6Gui/Qt6GuiPlugins.cmake"
		},
		{
			"isExternal" : true,
			"path" : "C:/Qt/6.8.0/mingw_64/lib/cmake/Qt6Gui/Qt6QGifPluginConfig.cmake"
		},
		{
			"isCMake" : true,
			"isExternal" : true,
			"path" : "C:/Qt/Tools/CMake_64/share/cmake-3.29/Modules/CMakeFindDependencyMacro.cmake"
		},
		{
			"isExternal" : true,
			"path" : "C:/Qt/6.8.0/mingw_64/lib/cmake/Qt6Gui/Qt6QGifPluginTargets.cmake"
		},
		{
			"isExternal" : true,
			"path" : "C:/Qt/6.8.0/mingw_64/lib/cmake/Qt6Gui/Qt6QGifPluginTargets-relwithdebinfo.cmake"
		},
		{
			"isExternal" : true,
			"path" : "C:/Qt/6.8.0/mingw_64/lib/cmake/Qt6Gui/Qt6QGifPluginAdditionalTargetInfo.cmake"
		},
		{
			"isExternal" : true,
			"path" : "C:/Qt/6.8.0/mingw_64/lib/cmake/Qt6Gui/Qt6QICOPluginConfig.cmake"
		},
		{
			"isCMake" : true,
			"isExternal" : true,
			"path" : "C:/Qt/Tools/CMake_64/share/cmake-3.29/Modules/CMakeFindDependencyMacro.cmake"
		},
		{
			"isExternal" : true,
			"path" : "C:/Qt/6.8.0/mingw_64/lib/cmake/Qt6Gui/Qt6QICOPluginTargets.cmake"
		},
		{
			"isExternal" : true,
			"path" : "C:/Qt/6.8.0/mingw_64/lib/cmake/Qt6Gui/Qt6QICOPluginTargets-relwithdebinfo.cmake"
		},
		{
			"isExternal" : true,
			"path" : "C:/Qt/6.8.0/mingw_64/lib/cmake/Qt6Gui/Qt6QICOPluginAdditionalTargetInfo.cmake"
		},
		{
			"isExternal" : true,
			"path" : "C:/Qt/6.8.0/mingw_64/lib/cmake/Qt6Gui/Qt6QJpegPluginConfig.cmake"
		},
		{
			"isCMake" : true,
			"isExternal" : true,
			"path" : "C:/Qt/Tools/CMake_64/share/cmake-3.29/Modules/CMakeFindDependencyMacro.cmake"
		},
		{
			"isExternal" : true,
			"path" : "C:/Qt/6.8.0/mingw_64/lib/cmake/Qt6Gui/Qt6QJpegPluginTargets.cmake"
		},
		{
			"isExternal" : true,
			"path" : "C:/Qt/6.8.0/mingw_64/lib/cmake/Qt6Gui/Qt6QJpegPluginTargets-relwithdebinfo.cmake"
		},
		{
			"isExternal" : true,
			"path" : "C:/Qt/6.8.0/mingw_64/lib/cmake/Qt6Gui/Qt6QJpegPluginAdditionalTargetInfo.cmake"
		},
		{
			"isExternal" : true,
			"path" : "C:/Qt/6.8.0/mingw_64/lib/cmake/Qt6Gui/Qt6QMinimalIntegrationPluginConfig.cmake"
		},
		{
			"isCMake" : true,
			"isExternal" : true,
			"path" : "C:/Qt/Tools/CMake_64/share/cmake-3.29/Modules/CMakeFindDependencyMacro.cmake"
		},
		{
			"isExternal" : true,
			"path" : "C:/Qt/6.8.0/mingw_64/lib/cmake/Qt6Gui/Qt6QMinimalIntegrationPluginTargets.cmake"
		},
		{
			"isExternal" : true,
			"path" : "C:/Qt/6.8.0/mingw_64/lib/cmake/Qt6Gui/Qt6QMinimalIntegrationPluginTargets-relwithdebinfo.cmake"
		},
		{
			"isExternal" : true,
			"path" : "C:/Qt/6.8.0/mingw_64/lib/cmake/Qt6Gui/Qt6QMinimalIntegrationPluginAdditionalTargetInfo.cmake"
		},
		{
			"isExternal" : true,
			"path" : "C:/Qt/6.8.0/mingw_64/lib/cmake/Qt6Gui/Qt6QOffscreenIntegrationPluginConfig.cmake"
		},
		{
			"isCMake" : true,
			"isExternal" : true,
			"path" : "C:/Qt/Tools/CMake_64/share/cmake-3.29/Modules/CMakeFindDependencyMacro.cmake"
		},
		{
			"isExternal" : true,
			"path" : "C:/Qt/6.8.0/mingw_64/lib/cmake/Qt6Gui/Qt6QOffscreenIntegrationPluginTargets.cmake"
		},
		{
			"isExternal" : true,
			"path" : "C:/Qt/6.8.0/mingw_64/lib/cmake/Qt6Gui/Qt6QOffscreenIntegrationPluginTargets-relwithdebinfo.cmake"
		},
		{
			"isExternal" : true,
			"path" : "C:/Qt/6.8.0/mingw_64/lib/cmake/Qt6Gui/Qt6QOffscreenIntegrationPluginAdditionalTargetInfo.cmake"
		},
		{
			"isExternal" : true,
			"path" : "C:/Qt/6.8.0/mingw_64/lib/cmake/Qt6Gui/Qt6QSvgIconPluginConfig.cmake"
		},
		{
			"isCMake" : true,
			"isExternal" : true,
			"path" : "C:/Qt/Tools/CMake_64/share/cmake-3.29/Modules/CMakeFindDependencyMacro.cmake"
		},
		{
			"isExternal" : true,
			"path" : "C:/Qt/6.8.0/mingw_64/lib/cmake/Qt6Gui/Qt6QSvgIconPluginTargets.cmake"
		},
		{
			"isExternal" : true,
			"path" : "C:/Qt/6.8.0/mingw_64/lib/cmake/Qt6Gui/Qt6QSvgIconPluginTargets-relwithdebinfo.cmake"
		},
		{
			"isExternal" : true,
			"path" : "C:/Qt/6.8.0/mingw_64/lib/cmake/Qt6Gui/Qt6QSvgIconPluginAdditionalTargetInfo.cmake"
		},
		{
			"isExternal" : true,
			"path" : "C:/Qt/6.8.0/mingw_64/lib/cmake/Qt6Gui/Qt6QSvgPluginConfig.cmake"
		},
		{
			"isCMake" : true,
			"isExternal" : true,
			"path" : "C:/Qt/Tools/CMake_64/share/cmake-3.29/Modules/CMakeFindDependencyMacro.cmake"
		},
		{
			"isExternal" : true,
			"path" : "C:/Qt/6.8.0/mingw_64/lib/cmake/Qt6Gui/Qt6QSvgPluginTargets.cmake"
		},
		{
			"isExternal" : true,
			"path" : "C:/Qt/6.8.0/mingw_64/lib/cmake/Qt6Gui/Qt6QSvgPluginTargets-relwithdebinfo.cmake"
		},
		{
			"isExternal" : true,
			"path" : "C:/Qt/6.8.0/mingw_64/lib/cmake/Qt6Gui/Qt6QSvgPluginAdditionalTargetInfo.cmake"
		},
		{
			"isExternal" : true,
			"path" : "C:/Qt/6.8.0/mingw_64/lib/cmake/Qt6Gui/Qt6QTuioTouchPluginConfig.cmake"
		},
		{
			"isCMake" : true,
			"isExternal" : true,
			"path" : "C:/Qt/Tools/CMake_64/share/cmake-3.29/Modules/CMakeFindDependencyMacro.cmake"
		},
		{
			"isExternal" : true,
			"path" : "C:/Qt/6.8.0/mingw_64/lib/cmake/Qt6Gui/Qt6QTuioTouchPluginTargets.cmake"
		},
		{
			"isExternal" : true,
			"path" : "C:/Qt/6.8.0/mingw_64/lib/cmake/Qt6Gui/Qt6QTuioTouchPluginTargets-relwithdebinfo.cmake"
		},
		{
			"isExternal" : true,
			"path" : "C:/Qt/6.8.0/mingw_64/lib/cmake/Qt6Gui/Qt6QTuioTouchPluginAdditionalTargetInfo.cmake"
		},
		{
			"isExternal" : true,
			"path" : "C:/Qt/6.8.0/mingw_64/lib/cmake/Qt6Gui/Qt6QWindowsDirect2DIntegrationPluginConfig.cmake"
		},
		{
			"isCMake" : true,
			"isExternal" : true,
			"path" : "C:/Qt/Tools/CMake_64/share/cmake-3.29/Modules/CMakeFindDependencyMacro.cmake"
		},
		{
			"isExternal" : true,
			"path" : "C:/Qt/6.8.0/mingw_64/lib/cmake/Qt6Gui/Qt6QWindowsDirect2DIntegrationPluginTargets.cmake"
		},
		{
			"isExternal" : true,
			"path" : "C:/Qt/6.8.0/mingw_64/lib/cmake/Qt6Gui/Qt6QWindowsDirect2DIntegrationPluginTargets-relwithdebinfo.cmake"
		},
		{
			"isExternal" : true,
			"path" : "C:/Qt/6.8.0/mingw_64/lib/cmake/Qt6Gui/Qt6QWindowsDirect2DIntegrationPluginAdditionalTargetInfo.cmake"
		},
		{
			"isExternal" : true,
			"path" : "C:/Qt/6.8.0/mingw_64/lib/cmake/Qt6Gui/Qt6QWindowsIntegrationPluginConfig.cmake"
		},
		{
			"isCMake" : true,
			"isExternal" : true,
			"path" : "C:/Qt/Tools/CMake_64/share/cmake-3.29/Modules/CMakeFindDependencyMacro.cmake"
		},
		{
			"isExternal" : true,
			"path" : "C:/Qt/6.8.0/mingw_64/lib/cmake/Qt6Gui/Qt6QWindowsIntegrationPluginTargets.cmake"
		},
		{
			"isExternal" : true,
			"path" : "C:/Qt/6.8.0/mingw_64/lib/cmake/Qt6Gui/Qt6QWindowsIntegrationPluginTargets-relwithdebinfo.cmake"
		},
		{
			"isExternal" : true,
			"path" : "C:/Qt/6.8.0/mingw_64/lib/cmake/Qt6Gui/Qt6QWindowsIntegrationPluginAdditionalTargetInfo.cmake"
		},
		{
			"isExternal" : true,
			"path" : "C:/Qt/6.8.0/mingw_64/lib/cmake/Qt6Gui/Qt6GuiVersionlessAliasTargets.cmake"
		},
		{
			"isExternal" : true,
			"path" : "C:/Qt/6.8.0/mingw_64/lib/cmake/Qt6Widgets/Qt6WidgetsTargets.cmake"
		},
		{
			"isExternal" : true,
			"path" : "C:/Qt/6.8.0/mingw_64/lib/cmake/Qt6Widgets/Qt6WidgetsTargets-relwithdebinfo.cmake"
		},
		{
			"isExternal" : true,
			"path" : "C:/Qt/6.8.0/mingw_64/lib/cmake/Qt6Widgets/Qt6WidgetsAdditionalTargetInfo.cmake"
		},
		{
			"isExternal" : true,
			"path" : "C:/Qt/6.8.0/mingw_64/lib/cmake/Qt6Widgets/Qt6WidgetsMacros.cmake"
		},
		{
			"isExternal" : true,
			"path" : "C:/Qt/6.8.0/mingw_64/lib/cmake/Qt6Widgets/Qt6WidgetsPlugins.cmake"
		},
		{
			"isExternal" : true,
			"path" : "C:/Qt/6.8.0/mingw_64/lib/cmake/Qt6Widgets/Qt6QModernWindowsStylePluginConfig.cmake"
		},
		{
			"isCMake" : true,
			"isExternal" : true,
			"path" : "C:/Qt/Tools/CMake_64/share/cmake-3.29/Modules/CMakeFindDependencyMacro.cmake"
		},
		{
			"isExternal" : true,
			"path" : "C:/Qt/6.8.0/mingw_64/lib/cmake/Qt6Widgets/Qt6QModernWindowsStylePluginTargets.cmake"
		},
		{
			"isExternal" : true,
			"path" : "C:/Qt/6.8.0/mingw_64/lib/cmake/Qt6Widgets/Qt6QModernWindowsStylePluginTargets-relwithdebinfo.cmake"
		},
		{
			"isExternal" : true,
			"path" : "C:/Qt/6.8.0/mingw_64/lib/cmake/Qt6Widgets/Qt6QModernWindowsStylePluginAdditionalTargetInfo.cmake"
		},
		{
			"isExternal" : true,
			"path" : "C:/Qt/6.8.0/mingw_64/lib/cmake/Qt6Widgets/Qt6WidgetsVersionlessAliasTargets.cmake"
		},
		{
			"isExternal" : true,
			"path" : "C:/Qt/6.8.0/mingw_64/lib/cmake/Qt6LinguistTools/Qt6LinguistToolsConfigVersion.cmake"
		},
		{
			"isExternal" : true,
			"path" : "C:/Qt/6.8.0/mingw_64/lib/cmake/Qt6LinguistTools/Qt6LinguistToolsConfigVersionImpl.cmake"
		},
		{
			"isExternal" : true,
			"path" : "C:/Qt/6.8.0/mingw_64/lib/cmake/Qt6LinguistTools/Qt6LinguistToolsConfig.cmake"
		},
		{
			"isCMake" : true,
			"isExternal" : true,
			"path" : "C:/Qt/Tools/CMake_64/share/cmake-3.29/Modules/CMakeFindDependencyMacro.cmake"
		},
		{
			"isExternal" : true,
			"path" : "C:/Qt/6.8.0/mingw_64/lib/cmake/Qt6LinguistTools/Qt6LinguistToolsDependencies.cmake"
		},
		{
			"isExternal" : true,
			"path" : "C:/Qt/6.8.0/mingw_64/lib/cmake/Qt6LinguistTools/Qt6LinguistToolsTargets.cmake"
		},
		{
			"isExternal" : true,
			"path" : "C:/Qt/6.8.0/mingw_64/lib/cmake/Qt6LinguistTools/Qt6LinguistToolsTargets-relwithdebinfo.cmake"
		},
		{
			"isExternal" : true,
			"path" : "C:/Qt/6.8.0/mingw_64/lib/cmake/Qt6LinguistTools/Qt6LinguistToolsAdditionalTargetInfo.cmake"
		},
		{
			"isExternal" : true,
			"path" : "C:/Qt/6.8.0/mingw_64/lib/cmake/Qt6LinguistTools/Qt6LinguistToolsVersionlessTargets.cmake"
		},
		{
			"isExternal" : true,
			"path" : "C:/Qt/6.8.0/mingw_64/lib/cmake/Qt6LinguistTools/Qt6LinguistToolsMacros.cmake"
		},
		{
			"isCMake" : true,
			"isExternal" : true,
			"path" : "C:/Qt/Tools/CMake_64/share/cmake-3.29/Modules/CMakeParseArguments.cmake"
		},
		{
			"isCMake" : true,
			"isExternal" : true,
			"path" : "C:/Qt/Tools/CMake_64/share/cmake-3.29/Modules/GNUInstallDirs.cmake"
		}
	],
	"kind" : "cmakeFiles",
	"paths" : 
	{
		"build" : "C:/Users/Sossz/Documents/MagicRename/build/MagicRenameV0",
		"source" : "C:/Users/Sossz/Documents/MagicRename"
	},
	"version" : 
	{
		"major" : 1,
		"minor" : 0
	}
}
