{
	"backtraceGraph" : 
	{
		"commands" : 
		[
			"install"
		],
		"files" : 
		[
			"CMakeLists.txt"
		],
		"nodes" : 
		[
			{
				"file" : 0
			},
			{
				"command" : 0,
				"file" : 0,
				"line" : 78,
				"parent" : 0
			}
		]
	},
	"installers" : 
	[
		{
			"backtrace" : 1,
			"component" : "Unspecified",
			"destination" : "bin",
			"paths" : 
			[
				"MagicRename.exe"
			],
			"targetId" : "MagicRename::@6890427a1f51a3e7e1df",
			"targetIndex" : 0,
			"type" : "target"
		}
	],
	"paths" : 
	{
		"build" : ".",
		"source" : "."
	}
}
