{
	"configurations" : 
	[
		{
			"directories" : 
			[
				{
					"build" : ".",
					"hasInstallRule" : true,
					"jsonFile" : "directory-.-Release-d1078cc503cbe2750464.json",
					"minimumCMakeVersion" : 
					{
						"string" : "3.16"
					},
					"projectIndex" : 0,
					"source" : ".",
					"targetIndexes" : 
					[
						0,
						1,
						2
					]
				}
			],
			"name" : "Release",
			"projects" : 
			[
				{
					"directoryIndexes" : 
					[
						0
					],
					"name" : "MagicRename",
					"targetIndexes" : 
					[
						0,
						1,
						2
					]
				}
			],
			"targets" : 
			[
				{
					"directoryIndex" : 0,
					"id" : "MagicRename::@6890427a1f51a3e7e1df",
					"jsonFile" : "target-MagicRename-Release-dc3eb62ada89cace2f5e.json",
					"name" : "MagicRename",
					"projectIndex" : 0
				},
				{
					"directoryIndex" : 0,
					"id" : "MagicRename_autogen::@6890427a1f51a3e7e1df",
					"jsonFile" : "target-MagicRename_autogen-Release-308a5ba6f96e8896e359.json",
					"name" : "MagicRename_autogen",
					"projectIndex" : 0
				},
				{
					"directoryIndex" : 0,
					"id" : "MagicRename_autogen_timestamp_deps::@6890427a1f51a3e7e1df",
					"jsonFile" : "target-MagicRename_autogen_timestamp_deps-Release-4cbbd0e39b6824c3952c.json",
					"name" : "MagicRename_autogen_timestamp_deps",
					"projectIndex" : 0
				}
			]
		}
	],
	"kind" : "codemodel",
	"paths" : 
	{
		"build" : "C:/Users/Sossz/Documents/MagicRename/build/MagicRenameV0",
		"source" : "C:/Users/Sossz/Documents/MagicRename"
	},
	"version" : 
	{
		"major" : 2,
		"minor" : 7
	}
}
