{
	"BUILD_DIR" : "C:/Users/Sossz/Documents/MagicRename/build/MagicRenameV0/MagicRename_autogen",
	"CMAKE_BINARY_DIR" : "C:/Users/Sossz/Documents/MagicRename/build/MagicRenameV0",
	"CMAKE_CURRENT_BINARY_DIR" : "C:/Users/Sossz/Documents/MagicRename/build/MagicRenameV0",
	"CMAKE_CURRENT_SOURCE_DIR" : "C:/Users/Sossz/Documents/MagicRename",
	"CMAKE_SOURCE_DIR" : "C:/Users/Sossz/Documents/MagicRename",
	"CROSS_CONFIG" : false,
	"GENERATOR" : "Ninja",
	"INCLUDE_DIR" : "C:/Users/Sossz/Documents/MagicRename/build/MagicRenameV0/MagicRename_autogen/include",
	"INPUTS" : [ "C:/Users/Sossz/Documents/MagicRename/ICON.png" ],
	"LOCK_FILE" : "C:/Users/Sossz/Documents/MagicRename/build/MagicRenameV0/CMakeFiles/MagicRename_autogen.dir/AutoRcc_resources_EWIEGA46WW_Lock.lock",
	"MULTI_CONFIG" : false,
	"OPTIONS" : [ "--no-zstd", "-name", "resources" ],
	"OUTPUT_CHECKSUM" : "EWIEGA46WW",
	"OUTPUT_NAME" : "qrc_resources.cpp",
	"RCC_EXECUTABLE" : "C:/Qt/6.8.0/mingw_64/bin/rcc.exe",
	"RCC_LIST_OPTIONS" : [ "--list" ],
	"SETTINGS_FILE" : "C:/Users/Sossz/Documents/MagicRename/build/MagicRenameV0/CMakeFiles/MagicRename_autogen.dir/AutoRcc_resources_EWIEGA46WW_Used.txt",
	"SOURCE" : "C:/Users/Sossz/Documents/MagicRename/resources.qrc",
	"USE_BETTER_GRAPH" : true,
	"VERBOSITY" : 0
}
